{"cameraMode":{"drawMode":0,"name":"Shaded","section":"Shading Mode"},"sceneLighting":false,"audioPlay":false,"sceneViewState":{"showFog":true,"showMaterialUpdate":false,"showSkybox":true,"showFlares":true,"showImageEffects":true,"showParticleSystems":true},"in2DMode":false,"pivot":{"x":-0.13565179705619813,"y":2.03043270111084,"z":-5.152148246765137},"rotation":{"x":0.05996071919798851,"y":-0.010480931960046292,"z":0.0006294967024587095,"w":0.9981455206871033},"size":6.314783096313477,"orthographic":true}