{"cameraMode":{"drawMode":0,"name":"Shaded","section":"Shading Mode"},"sceneLighting":false,"audioPlay":false,"sceneViewState":{"showFog":true,"showMaterialUpdate":false,"showSkybox":true,"showFlares":true,"showImageEffects":true,"showParticleSystems":true},"in2DMode":false,"pivot":{"x":-0.009136438369750977,"y":3.016177177429199,"z":-1.880332589149475},"rotation":{"x":0.04808294400572777,"y":0.9241741895675659,"z":-0.12411540746688843,"w":0.3580300509929657},"size":22.172788619995118,"orthographic":true}